Tool,Blog,Status
age-calculator,age-calculator-guide,OK
ai-dev-dictionary,ai-dev-dictionary,OK
ai-prompt-generator,ai-prompt-generator-guide,OK
ai-resume,ai-resume-generator,OK
base64,base64-guide,OK
bmi-calculator,bmi-calculator-guide,OK
code-roaster,code-roaster-guide,OK
color-palette,color-palette-guide,OK
competitive-analyzer,competitive-analyzer-guide,OK
countdown-timer,countdown-timer-guide,OK
debate-trainer,debate-trainer-guide,OK
favicon-generator,favicon-generator-guide,OK
gradient-generator,gradient-generator-guide,OK
image-compress,image-compress-guide,OK
image-grid-maker,image-grid-maker-complete-guide,OK
image-splitter,image-splitter-paper-sizes,OK
instagram-bio,instagram-bio-generator-guide,OK
japanese-ocr,japanese-ocr-guide,OK
json-csv,json-csv-converter-guide,OK
lorem-ipsum,lorem-ipsum-generator-guide,OK
pc-optimizer,pc-optimizer-guide,OK
pdf-tools,pdf-tools-guide,OK
percentage-calculator,percentage-calculator-guide,OK
qr-code,qr-code-guide,OK
stack-recommender,ai-stack-recommender-guide,OK
text-case,text-case-converter,OK
text-counter,text-counter-guide,OK
token-compressor,token-compressor-guide,OK
twitter-counter,twitter-counter-guide,OK
unit-converter,unit-converter-guide,OK
uuid-generator,uuid-generator-guide,OK
whatsapp-link,whatsapp-link-generator-guide,OK
youtube-thumbnail,youtube-thumbnail-guide,OK
ai-project-visualizer,,MISSING
ai-summarizer,,MISSING
blurtap,,MISSING
code-dependency-visualizer,,MISSING
hashtag-generator,,MISSING
json-format,,MISSING
markdown-html,,MISSING
password-generator,,MISSING
pdf-summarizer,,MISSING
pdf-to-data,,MISSING
photocraf,,MISSING
tech-stack-analyzer,,MISSING